o_id,o_long,o_lat,d_id,d_long,d_lat
o1,77.70159088,12.81270762,d1,77.70621718,12.82981209
o2,77.65864092,13.00655411,d2,77.64276449,13.01528269
o3,77.59937981,12.8581983,d3,77.59786289,12.86769714
o4,77.50491576,13.04277968,d4,77.49672971,13.0382316
